{"cameraMode":{"drawMode":0,"name":"Shaded","section":"Shading Mode"},"sceneLighting":false,"audioPlay":false,"sceneViewState":{"m_AlwaysRefresh":false,"showFog":true,"showSkybox":false,"showFlares":true,"showImageEffects":true,"showParticleSystems":true,"showVisualEffectGraphs":true,"m_FxEnabled":true},"in2DMode":false,"pivot":{"x":0.008000373840332032,"y":11.526468276977539,"z":2.551696300506592},"rotation":{"x":-0.21578837931156159,"y":-0.45180946588516238,"z":0.11348167806863785,"w":-0.8580472469329834},"size":0.08660262078046799,"orthographic":false}