{"cameraMode":{"drawMode":0,"name":"Shaded","section":"Shading Mode"},"sceneLighting":true,"audioPlay":false,"sceneViewState":{"m_AlwaysRefresh":false,"showFog":true,"showSkybox":true,"showFlares":true,"showImageEffects":true,"showParticleSystems":true,"showVisualEffectGraphs":true,"m_FxEnabled":true},"in2DMode":false,"pivot":{"x":-24.293476104736329,"y":1.6766605377197266,"z":62.78135681152344},"rotation":{"x":0.09383180737495423,"y":-0.3562036156654358,"z":0.03638123720884323,"w":0.9289023280143738},"size":54.15174865722656,"orthographic":false}