{"cameraMode":{"drawMode":0,"name":"Shaded","section":"Shading Mode"},"sceneLighting":true,"audioPlay":false,"sceneViewState":{"m_AlwaysRefresh":false,"showFog":true,"showSkybox":true,"showFlares":true,"showImageEffects":true,"showParticleSystems":true,"showVisualEffectGraphs":true,"m_FxEnabled":true},"in2DMode":false,"pivot":{"x":18.38503074645996,"y":11.498775482177735,"z":-9.616812705993653},"rotation":{"x":-0.11107811331748963,"y":0.004199125804007053,"z":-0.0004673078074119985,"w":-0.9937825798988342},"size":0.8660253882408142,"orthographic":false}